"MES","TIPO DE CONSULTA","Facebook inbox","Facebook muro","Instagram inbox","Instagram muro","Tik Tok","Twitter inbox","Twitter Muro","Youtube","TOTAL"
"ENERO","AUTENTICACIONES0DE0FIRMAS/ACTAS","40","30","2","1","0","2","0","0","75"
"ENERO","BONO","10","4","0","0","0","0","0","0","14"
"ENERO","CAIDA AGA (SISTEMA)","3","0","1","0","0","0","0","0","4"
"ENERO","CAMBIO DE DNI AMA A ZUL","286","161","34","11","0","0","0","0","492"
"ENERO","CONSULTA ELECCIONES/PADRÓN/MULTAS/DISPENSAS","17","9","3","0","0","0","0","0","29"
"ENERO","COPIA DE ACTAS","683","277","71","9","0","48","6","0","1094"
"ENERO","DEMORA DE ENTREGA DEL DNI","0","0","0","0","0","0","0","0","0"
"ENERO","DESBLOQUEO PIN DNIE","1","0","0","0","0","0","0","0","1"
"ENERO","DEVOLUCION/VALIDEZ DE PAGO","354","121","62","16","0","8","2","0","563"
"ENERO","DISCAPACIDAD DNI AMARILLO","2","0","0","0","0","0","0","0","2"
"ENERO","DISCAPACIDAD DNI AZUL","15","2","0","0","0","0","0","0","17"
"ENERO","DISCAPACIDAD DNIE","3","0","0","0","0","1","0","0","4"
"ENERO","DUPLICADO DNI AMARILLO","140","99","17","2","0","0","0","0","258"
"ENERO","DUPLICADO DNI AZUL","269","75","28","3","0","4","1","0","380"
"ENERO","DUPLICADO DNIE","17","8","4","0","0","0","0","0","29"
"ENERO","EMISION CERTIFICADO DIGITAL/ENTIDADES PUBLICAS","6","0","0","0","0","2","0","0","8"
"ENERO","EMISION PRIMERA VEZ DNI AMARILLO","236","115","47","9","0","1","0","0","408"
"ENERO","EMISION PRIMERA VEZ DNIE","344","148","45","20","0","5","0","0","562"
"ENERO","ENVIVO FB","0","0","0","0","0","0","0","0","0"
"ENERO","EXTEMPORANEOS DNI AMARILLO","1","1","1","0","0","0","0","0","3"
"ENERO","EXTEMPORANEOS DNIE","0","0","1","0","0","0","0","0","1"
"ENERO","EXTEMPORANEOS/INDOCUMENTADOS DNI AZUL","30","27","7","2","0","2","1","0","69"
"ENERO","FECHA DE EMISIÓN / DÍGITO VERIFICADOR / OTROS DATOS DEL DNI","329","50","6","0","0","4","1","0","390"
"ENERO","HABILITACIONES","2","1","0","0","0","0","0","0","3"
"ENERO","HORARIO /AGENCIAS","1432","641","593","71","0","89","5","0","2831"
"ENERO","IMPUGNACIONES","7","1","0","2","0","0","0","0","10"
"ENERO","INCIDENCIA GOR","1","51","0","0","0","2","3","0","57"
"ENERO","INSCRIPCION /C4-C5- NOMBRES IGUALS / NEG SOLTERIA","428","119","10","3","0","15","0","0","575"
"ENERO","INSCRIPCION DE CERTIFICADO DE DEFUNCIÓN","18","3","1","0","0","2","1","0","25"
"ENERO","INSCRIPCION DE NACIMIENTO","281","97","56","3","0","5","3","0","445"
"ENERO","LIBERACION DE PAGO","2","0","1","0","0","1","0","0","4"
"ENERO","LIBERACION DE TRÁMITE","0","0","0","0","0","0","0","0","0"
"ENERO","MESA DE PARTES - INCONVENIENTES/DEMORA","45","13","3","0","0","17","5","0","83"
"ENERO","MESA DE PARTES - ORIENTACION TRÁMITES","45","27","17","1","0","13","0","0","103"
"ENERO","OTRAS INCIDENCIAS","514","226","217","141","0","14","3","0","1115"
"ENERO","PAGO NO REFLEJADO EN BASE DE DATOS","29","0","5","0","0","1","0","0","35"
"ENERO","PASARELA VISA","0","1","1","0","0","0","0","0","2"
"ENERO","PROBLEMAS - REGISTRO DIGITAL NACIMIENTO","0","0","0","0","0","2","0","0","2"
"ENERO","PROBLEMAS - RENOVACION DNI WEB","26","8","0","0","0","11","4","0","49"
"ENERO","PROBLEMAS - SISTEMA OPERATIVO IOS","0","0","0","0","0","0","0","0","0"
"ENERO","PROBLEMAS DNI BIOFACIAL","57","43","6","0","0","1","0","0","107"
"ENERO","PROBLEMAS EN USAR LA APLICACIÓN","46","40","31","14","0","1","0","0","132"
"ENERO","RECOJO DNI","1313","583","175","52","0","77","12","0","2212"
"ENERO","RECTIFICACION DOMICILIO/ ESTADO CIVIL/OTROS DNI AZUL","395","107","44","17","0","4","0","0","567"
"ENERO","RECTIFICACION DOMICILIO/ ESTADO CIVIL/OTROS DNIE","35","8","6","2","0","1","0","0","52"
"ENERO","RECTIFICACION DOMICILIO/FOTO/OTROS DNI AMARILLO","33","11","3","1","0","0","0","0","48"
"ENERO","RECTIFICACION PARTIDAS","178","69","20","0","0","6","0","0","273"
"ENERO","RENOVACION CERTIF. DIGITAL/PERSONA NATURAL DNIE","8","0","0","0","0","0","0","0","8"
"ENERO","RENOVACION CERTIFICADOS DIGITALES/PERSONA PÚBLICA","2","1","0","0","0","0","0","0","3"
"ENERO","RENOVACION DNI AMARILLO","365","235","54","20","0","6","2","0","682"
"ENERO","RENOVACION DNI AZUL","991","412","100","26","0","38","4","0","1571"
"ENERO","RENOVACIÓN DNIE","15","8","16","5","0","15","1","0","60"
"ENERO","UBICAR ACTA/DIGITALIZACION/ERROR ACTAS","1","0","0","0","0","0","0","0","1"
"FEBRERO","AUTENTICACIONES DE FIRMAS/ACTAS","42","17","0","0","0","7","1","0","67"
"FEBRERO","BONO","7","1","0","0","0","0","0","0","8"
"FEBRERO","CAIDA AGA (SISTEMA)","44","86","8","2","0","20","0","0","160"
"FEBRERO","CAMBIO DE DNI AMA A ZUL","262","148","37","13","0","0","0","0","460"
"FEBRERO","CONSULTA ELECCIONES/PADRÓN/MULTAS/DISPENSAS","15","6","2","0","0","4","1","0","28"
"FEBRERO","COPIA DE ACTAS","630","231","62","11","0","33","4","0","971"
"FEBRERO","DEMORA DE ENTREGA DEL DNI","28","22","0","0","0","6","0","0","56"
"FEBRERO","DESBLOQUEO PIN DNIE","3","1","0","0","0","0","0","0","4"
"FEBRERO","DEVOLUCION/VALIDEZ DE PAGO","303","166","29","7","0","11","0","0","516"
"FEBRERO","DISCAPACIDAD DNI AMARILLO","1","1","0","0","0","0","0","0","2"
"FEBRERO","DISCAPACIDAD DNI AZUL","6","4","0","0","0","5","0","0","15"
"FEBRERO","DISCAPACIDAD DNIE","1","1","0","0","0","0","0","0","2"
"FEBRERO","DUPLICADO DNI AMARILLO","143","101","9","1","0","0","0","0","254"
"FEBRERO","DUPLICADO DNI AZUL","283","81","22","2","0","11","0","0","399"
"FEBRERO","DUPLICADO DNIE","25","10","3","1","0","4","0","0","43"
"FEBRERO","EMISION CERTIFICADO DIGITAL/ENTIDADES PUBLICAS","5","1","0","0","0","0","0","0","6"
"FEBRERO","EMISION PRIMERA VEZ DNI AMARILLO","254","142","31","4","0","1","0","0","432"
"FEBRERO","EMISION PRIMERA VEZ DNIE","337","141","40","11","0","0","0","0","529"
"FEBRERO","ENVIVO FB","0","0","0","0","0","0","0","0","0"
"FEBRERO","EXTEMPORANEOS DNI AMARILLO","4","1","0","1","0","0","0","0","6"
"FEBRERO","EXTEMPORANEOS DNIE","1","0","0","0","0","0","0","0","1"
"FEBRERO","EXTEMPORANEOS/INDOCUMENTADOS DNI AZUL","24","29","5","1","0","5","0","0","64"
"FEBRERO","FECHA DE EMISIÓN / DÍGITO VERIFICADOR / OTROS DATOS DEL DNI","228","75","6","0","0","10","0","0","319"
"FEBRERO","HABILITACIONES","2","0","1","0","0","0","0","0","3"
"FEBRERO","HORARIO /AGENCIAS","1603","595","276","28","0","41","2","0","2545"
"FEBRERO","IMPUGNACIONES","4","22","1","1","0","1","0","0","29"
"FEBRERO","INCIDENCIA GOR","3","50","0","0","0","10","1","0","64"
"FEBRERO","INSCRIPCION /C4-C5- NOMBRES IGUALS / NEG SOLTERIA","328","127","25","1","0","7","0","0","488"
"FEBRERO","INSCRIPCION DE CERTIFICADO DE DEFUNCIÓN","19","2","2","0","0","2","0","0","25"
"FEBRERO","INSCRIPCION DE NACIMIENTO","239","102","18","2","0","7","1","0","369"
"FEBRERO","LIBERACION DE PAGO","3","0","0","0","0","0","0","0","3"
"FEBRERO","LIBERACION DE TRÁMITE","0","0","0","0","0","0","0","0","0"
"FEBRERO","MESA DE PARTES - INCONVENIENTES/DEMORA","36","31","0","1","0","23","2","0","93"
"FEBRERO","MESA DE PARTES - ORIENTACION TRÁMITES","133","52","5","0","0","13","0","0","203"
"FEBRERO","OTRAS INCIDENCIAS","658","362","251","41","0","50","4","0","1366"
"FEBRERO","PAGO NO REFLEJADO EN BASE DE DATOS","21","0","3","0","0","0","0","0","24"
"FEBRERO","PASARELA VISA","0","2","0","0","0","0","0","0","2"
"FEBRERO","PROBLEMAS - REGISTRO DIGITAL NACIMIENTO","3","0","0","0","0","1","0","0","4"
"FEBRERO","PROBLEMAS - RENOVACION DNI WEB","21","6","0","0","0","10","0","0","37"
"FEBRERO","PROBLEMAS - SISTEMA OPERATIVO IOS","2","2","0","0","0","1","0","0","5"
"FEBRERO","PROBLEMAS DNI BIOFACIAL","59","103","6","0","0","5","1","0","174"
"FEBRERO","PROBLEMAS EN USAR LA APLICACIÓN","55","32","18","9","0","2","2","0","118"
"FEBRERO","RECOJO DNI","1440","1104","173","18","0","121","6","0","2862"
"FEBRERO","RECTIFICACION DOMICILIO/ ESTADO CIVIL/OTROS DNI AZUL","419","179","23","8","0","15","0","0","644"
"FEBRERO","RECTIFICACION DOMICILIO/ ESTADO CIVIL/OTROS DNIE","32","6","7","3","0","4","0","0","52"
"FEBRERO","RECTIFICACION DOMICILIO/FOTO/OTROS DNI AMARILLO","43","14","3","1","0","0","0","0","61"
"FEBRERO","RECTIFICACION PARTIDAS","166","62","15","1","0","1","1","0","246"
"FEBRERO","RENOVACION CERTIF. DIGITAL/PERSONA NATURAL DNIE","3","1","1","1","0","0","0","0","6"
"FEBRERO","RENOVACION CERTIFICADOS DIGITALES/PERSONA PÚBLICA","3","0","1","0","0","0","0","0","4"
"FEBRERO","RENOVACION DNI AMARILLO","283","253","43","15","0","16","0","0","610"
"FEBRERO","RENOVACION DNI AZUL","868","524","108","11","0","39","0","0","1550"
"FEBRERO","RENOVACIÓN DNIE","33","5","7","1","0","52","1","0","99"
"FEBRERO","UBICAR ACTA/DIGITALIZACION/ERROR ACTAS","0","0","0","0","0","0","0","0","0"
"MARZO","AUTENTICACIONES DE FIRMAS/ACTAS","44","8","5","0","0","2","0","0","59"
"MARZO","BONO","9","9","0","0","0","1","0","0","19"
"MARZO","CAIDA AGA (SISTEMA)","15","10","1","0","0","2","4","0","32"
"MARZO","CAMBIO DE DNI AMA A ZUL","289","122","16","3","1","1","0","0","432"
"MARZO","CONSULTA ELECCIONES/PADRÓN/MULTAS/DISPENSAS","72","43","3","1","0","2","11","0","132"
"MARZO","COPIA DE ACTAS","855","172","55","4","1","25","0","0","1112"
"MARZO","DEMORA DE ENTREGA DEL DNI","774","132","21","1","0","100","20","0","1048"
"MARZO","DESBLOQUEO PIN DNIE","1","0","2","0","0","1","0","0","4"
"MARZO","DEVOLUCION/VALIDEZ DE PAGO","470","131","43","5","0","23","1","1","674"
"MARZO","DISCAPACIDAD DNI AMARILLO","3","1","0","0","0","0","0","0","4"
"MARZO","DISCAPACIDAD DNI AZUL","13","3","1","0","0","1","0","0","18"
"MARZO","DISCAPACIDAD DNIE","0","1","0","0","0","1","0","0","2"
"MARZO","DUPLICADO DNI AMARILLO","129","65","4","2","0","0","0","0","200"
"MARZO","DUPLICADO DNI AZUL","428","108","20","7","0","6","0","0","569"
"MARZO","DUPLICADO DNIE","21","8","3","1","0","0","0","0","33"
"MARZO","EMISION CERTIFICADO DIGITAL/ENTIDADES PUBLICAS","8","0","0","0","0","3","1","0","12"
"MARZO","EMISION PRIMERA VEZ DNI AMARILLO","269","95","25","4","0","2","1","0","396"
"MARZO","EMISION PRIMERA VEZ DNIE","393","281","57","10","1","5","1","0","748"
"MARZO","ENVIVO FB","0","10","0","0","0","0","0","0","10"
"MARZO","EXTEMPORANEOS DNI AMARILLO","3","1","0","0","0","1","0","0","5"
"MARZO","EXTEMPORANEOS DNIE","0","2","0","0","0","0","0","0","2"
"MARZO","EXTEMPORANEOS/INDOCUMENTADOS DNI AZUL","57","29","4","2","1","1","0","0","94"
"MARZO","FECHA DE EMISIÓN / DÍGITO VERIFICADOR / OTROS DATOS DEL DNI","383","90","4","0","0","10","1","0","488"
"MARZO","HABILITACIONES","6","2","2","0","0","0","0","0","10"
"MARZO","HORARIO /AGENCIAS","3111","639","274","26","2","36","7","7","4102"
"MARZO","IMPUGNACIONES","8","33","4","0","0","0","0","0","45"
"MARZO","INCIDENCIA GOR","3","27","0","0","0","1","0","1","32"
"MARZO","INSCRIPCION /C4-C5- NOMBRES IGUALS / NEG SOLTERIA","414","86","18","1","0","7","1","1","528"
"MARZO","INSCRIPCION DE CERTIFICADO DE DEFUNCIÓN","14","4","0","0","0","0","0","0","18"
"MARZO","INSCRIPCION DE NACIMIENTO","249","85","23","1","1","8","0","0","367"
"MARZO","LIBERACION DE PAGO","2","0","0","0","0","0","0","0","2"
"MARZO","LIBERACION DE TRÁMITE","0","0","0","0","0","0","0","0","0"
"MARZO","MESA DE PARTES - INCONVENIENTES/DEMORA","60","6","0","0","0","14","5","0","85"
"MARZO","MESA DE PARTES - ORIENTACION TRÁMITES","237","62","39","5","0","7","9","0","359"
"MARZO","OTRAS INCIDENCIAS","103","33","11","1","1","6","8","0","163"
"MARZO","PAGO NO REFLEJADO EN BASE DE DATOS","45","0","4","0","0","1","0","0","50"
"MARZO","PASARELA VISA","0","0","0","0","0","0","0","0","0"
"MARZO","PROBLEMAS - REGISTRO DIGITAL NACIMIENTO","1","0","0","0","0","0","0","0","1"
"MARZO","PROBLEMAS - RENOVACION DNI WEB","144","10","4","0","0","4","5","0","167"
"MARZO","PROBLEMAS - SISTEMA OPERATIVO IOS","11","0","1","0","0","1","1","0","14"
"MARZO","PROBLEMAS DNI BIOFACIAL","98","85","11","0","0","1","3","3","201"
"MARZO","PROBLEMAS EN USAR LA APLICACIÓN","83","44","11","3","0","0","0","0","141"
"MARZO","RECOJO DNI","2562","1776","211","25","10","399","45","3","5031"
"MARZO","RECTIFICACION DOMICILIO/ ESTADO CIVIL/OTROS DNI AZUL","610","195","50","6","2","15","2","0","880"
"MARZO","RECTIFICACION DOMICILIO/ ESTADO CIVIL/OTROS DNIE","37","14","11","1","0","3","0","0","66"
"MARZO","RECTIFICACION DOMICILIO/FOTO/OTROS DNI AMARILLO","74","23","3","1","0","0","0","0","101"
"MARZO","RECTIFICACION PARTIDAS","272","70","9","3","1","2","0","0","357"
"MARZO","RENOVACION CERTIF. DIGITAL/PERSONA NATURAL DNIE","15","6","4","0","0","1","0","0","26"
"MARZO","RENOVACION CERTIFICADOS DIGITALES/PERSONA PÚBLICA","1","0","0","0","0","0","0","0","1"
"MARZO","RENOVACION DNI AMARILLO","314","176","33","5","0","7","1","0","536"
"MARZO","RENOVACION DNI AZUL","1216","867","117","14","6","18","1","1","2240"
"MARZO","RENOVACIÓN DNIE","35","7","18","4","0","36","2","0","102"
"MARZO","UBICAR ACTA/DIGITALIZACION/ERROR ACTAS","2","4","0","0","0","0","0","0","6"
"ABRIL","AUTENTICACIONES DE FIRMAS/ACTAS","47","20","1","0","0","0","0","0","68"
"ABRIL","BONO","1","2","0","0","0","0","0","0","3"
"ABRIL","CAIDA AGA (SISTEMA)","339","191","57","22","0","12","1","0","622"
"ABRIL","CAMBIO DE DNI AMA A ZUL","159","42","13","1","8","0","0","2","225"
"ABRIL","CONSULTA ELECCIONES/PADRÓN/MULTAS/DISPENSAS","44","22","2","0","0","2","1","0","71"
"ABRIL","COPIA DE ACTAS","601","144","47","6","0","14","1","0","813"
"ABRIL","DEMORA DE ENTREGA DEL DNI","296","13","162","0","0","11","0","0","482"
"ABRIL","DESBLOQUEO PIN DNIE","1","0","1","0","0","0","0","0","2"
"ABRIL","DEVOLUCION/VALIDEZ DE PAGO","337","115","40","5","0","11","0","2","510"
"ABRIL","DISCAPACIDAD DNI AMARILLO","1","4","0","0","0","1","0","0","6"
"ABRIL","DISCAPACIDAD DNI AZUL","13","6","0","0","0","0","0","0","19"
"ABRIL","DISCAPACIDAD DNIE","1","0","0","0","0","0","0","0","1"
"ABRIL","DUPLICADO DNI AMARILLO","95","37","4","0","0","0","0","0","136"
"ABRIL","DUPLICADO DNI AZUL","268","76","11","4","1","2","1","0","363"
"ABRIL","DUPLICADO DNIE","30","7","2","0","1","1","0","0","41"
"ABRIL","EMISION CERTIFICADO DIGITAL/ENTIDADES PUBLICAS","6","3","0","0","0","0","0","0","9"
"ABRIL","EMISION PRIMERA VEZ DNI AMARILLO","172","48","11","2","0","1","0","0","234"
"ABRIL","EMISION PRIMERA VEZ DNIE","290","386","28","11","2","1","0","1","719"
"ABRIL","ENVIVO FB","1","39","0","0","0","0","0","0","40"
"ABRIL","EXTEMPORANEOS DNI AMARILLO","0","1","0","0","0","0","0","0","1"
"ABRIL","EXTEMPORANEOS DNIE","1","0","0","0","0","0","0","0","1"
"ABRIL","EXTEMPORANEOS/INDOCUMENTADOS DNI AZUL","33","18","1","3","0","0","0","0","55"
"ABRIL","FECHA DE EMISIÓN / DÍGITO VERIFICADOR / OTROS DATOS DEL DNI","263","33","4","0","0","1","0","1","302"
"ABRIL","HABILITACIONES","6","0","0","1","0","0","0","0","7"
"ABRIL","HORARIO /AGENCIAS","3140","674","208","40","5","26","4","2","4099"
"ABRIL","IMPUGNACIONES","1","2","1","0","0","1","0","0","5"
"ABRIL","INCIDENCIA GOR","0","46","0","0","0","1","0","0","47"
"ABRIL","INSCRIPCION /C4-C5- NOMBRES IGUALS / NEG SOLTERIA","263","48","11","1","1","9","2","0","335"
"ABRIL","INSCRIPCION DE CERTIFICADO DE DEFUNCIÓN","16","5","1","1","0","2","0","0","25"
"ABRIL","INSCRIPCION DE NACIMIENTO","246","213","16","1","0","1","0","0","477"
"ABRIL","LIBERACION DE PAGO","3","2","0","0","0","0","0","0","5"
"ABRIL","LIBERACION DE TRÁMITE","3","0","0","0","0","0","0","0","3"
"ABRIL","MESA DE PARTES - INCONVENIENTES/DEMORA","48","2","0","0","0","9","1","0","60"
"ABRIL","MESA DE PARTES - ORIENTACION TRÁMITES","163","66","7","3","0","8","1","0","248"
"ABRIL","OTRAS INCIDENCIAS","82","36","13","1","0","6","3","1","142"
"ABRIL","PAGO NO REFLEJADO EN BASE DE DATOS","43","2","3","0","0","1","0","0","49"
"ABRIL","PASARELA VISA","0","0","0","0","0","0","0","0","0"
"ABRIL","PROBLEMAS - REGISTRO DIGITAL NACIMIENTO","3","0","0","0","0","0","0","0","3"
"ABRIL","PROBLEMAS - RENOVACION DNI WEB","166","3","2","0","0","2","1","0","174"
"ABRIL","PROBLEMAS - SISTEMA OPERATIVO IOS","5","0","0","0","0","0","0","0","5"
"ABRIL","PROBLEMAS DNI BIOFACIAL","46","59","7","1","1","2","3","7","126"
"ABRIL","PROBLEMAS EN USAR LA APLICACIÓN","72","30","13","4","0","1","1","3","124"
"ABRIL","RECOJO DNI","1655","829","96","12","4","98","14","3","2711"
"ABRIL","RECTIFICACION DOMICILIO/ ESTADO CIVIL/OTROS DNI AZUL","467","177","37","8","4","12","2","5","712"
"ABRIL","RECTIFICACION DOMICILIO/ ESTADO CIVIL/OTROS DNIE","30","13","2","0","1","1","0","0","47"
"ABRIL","RECTIFICACION DOMICILIO/FOTO/OTROS DNI AMARILLO","51","28","1","0","0","0","0","0","80"
"ABRIL","RECTIFICACION PARTIDAS","188","97","14","1","1","1","0","0","302"
"ABRIL","RENOVACION CERTIF. DIGITAL/PERSONA NATURAL DNIE","6","5","0","1","0","0","0","0","12"
"ABRIL","RENOVACION CERTIFICADOS DIGITALES/PERSONA PÚBLICA","3","0","0","0","0","0","0","0","3"
"ABRIL","RENOVACION DNI AMARILLO","153","159","24","11","6","3","0","1","357"
"ABRIL","RENOVACION DNI AZUL","636","478","21","7","0","13","1","0","1156"
"ABRIL","RENOVACIÓN DNIE","34","24","6","0","0","18","1","0","83"
"ABRIL","UBICAR ACTA/DIGITALIZACION/ERROR ACTAS","6","0","0","0","0","3","0","0","9"
"MAYO","AUTENTICACIONES DE FIRMAS/ACTAS","51","8","0","0","0","0","0","0","59"
"MAYO","BONO","2","1","0","0","0","0","0","0","3"
"MAYO","CAIDA AGA (SISTEMA)","57","70","4","1","1","5","2","0","140"
"MAYO","CAMBIO DE DNI AMA A ZUL","143","21","8","1","0","0","0","0","173"
"MAYO","CONSULTA ELECCIONES/PADRÓN/MULTAS/DISPENSAS","196","81","27","7","2","12","1","0","326"
"MAYO","COPIA DE ACTAS","470","119","32","4","0","21","1","4","651"
"MAYO","DEMORA DE ENTREGA DEL DNI","22","2","0","1","0","0","0","0","25"
"MAYO","DESBLOQUEO PIN DNIE","14","2","1","0","0","0","0","0","17"
"MAYO","DEVOLUCION/VALIDEZ DE PAGO","396","112","32","3","0","15","1","2","561"
"MAYO","DISCAPACIDAD DNI AMARILLO","2","1","1","0","0","0","0","0","4"
"MAYO","DISCAPACIDAD DNI AZUL","12","5","2","1","0","0","0","0","20"
"MAYO","DISCAPACIDAD DNIE","0","0","0","0","0","0","0","0","0"
"MAYO","DUPLICADO DNI AMARILLO","80","39","3","1","0","0","0","0","123"
"MAYO","DUPLICADO DNI AZUL","278","86","17","1","1","4","0","0","387"
"MAYO","DUPLICADO DNIE","16","8","1","0","0","0","0","0","25"
"MAYO","EMISION CERTIFICADO DIGITAL/ENTIDADES PUBLICAS","13","0","0","0","0","2","0","0","15"
"MAYO","EMISION PRIMERA VEZ DNI AMARILLO","179","68","17","1","0","0","0","0","265"
"MAYO","EMISION PRIMERA VEZ DNIE","330","428","39","21","0","2","0","0","820"
"MAYO","ENVIVO FB","0","15","0","0","0","0","0","0","15"
"MAYO","EXTEMPORANEOS DNI AMARILLO","0","0","0","0","0","0","0","0","0"
"MAYO","EXTEMPORANEOS DNIE","1","1","0","0","0","0","0","0","2"
"MAYO","EXTEMPORANEOS/INDOCUMENTADOS DNI AZUL","31","17","5","2","0","7","0","0","62"
"MAYO","FECHA DE EMISIÓN / DÍGITO VERIFICADOR / OTROS DATOS DEL DNI","262","24","6","1","0","1","0","1","295"
"MAYO","HABILITACIONES","19","1","1","0","0","0","0","0","21"
"MAYO","HORARIO /AGENCIAS","3208","654","196","37","3","26","2","1","4127"
"MAYO","IMPUGNACIONES","3","1","1","0","0","0","0","0","5"
"MAYO","INCIDENCIA GOR","1","40","0","0","1","0","0","0","42"
"MAYO","INSCRIPCION /C4-C5- NOMBRES IGUALS / NEG SOLTERIA","210","45","13","0","0","8","0","0","276"
"MAYO","INSCRIPCION DE CERTIFICADO DE DEFUNCIÓN","11","8","2","0","0","1","1","0","23"
"MAYO","INSCRIPCION DE NACIMIENTO","210","73","13","1","0","3","0","0","300"
"MAYO","LIBERACION DE PAGO","3","1","0","0","0","0","0","0","4"
"MAYO","LIBERACION DE TRÁMITE","0","0","0","0","0","0","0","0","0"
"MAYO","MESA DE PARTES - INCONVENIENTES/DEMORA","43","0","1","0","0","7","1","0","52"
"MAYO","MESA DE PARTES - ORIENTACION TRÁMITES","242","57","17","8","0","9","0","0","333"
"MAYO","OTRAS INCIDENCIAS","113","50","14","3","0","4","3","0","187"
"MAYO","PAGO NO REFLEJADO EN BASE DE DATOS","38","1","1","0","0","0","0","0","40"
"MAYO","PASARELA VISA","0","0","0","0","0","0","0","0","0"
"MAYO","PROBLEMAS - REGISTRO DIGITAL NACIMIENTO","0","0","0","0","0","1","0","0","1"
"MAYO","PROBLEMAS - RENOVACION DNI WEB","160","3","3","0","0","0","0","0","166"
"MAYO","PROBLEMAS - SISTEMA OPERATIVO IOS","4","1","0","0","0","1","0","0","6"
"MAYO","PROBLEMAS DNI BIOFACIAL","50","52","1","2","1","6","1","5","118"
"MAYO","PROBLEMAS EN USAR LA APLICACIÓN","70","64","13","1","3","3","0","6","160"
"MAYO","RECOJO DNI","1154","437","63","10","1","17","2","6","1690"
"MAYO","RECTIFICACION DOMICILIO/ ESTADO CIVIL/OTROS DNI AZUL","555","216","35","8","0","6","0","3","823"
"MAYO","RECTIFICACION DOMICILIO/ ESTADO CIVIL/OTROS DNIE","49","22","4","0","0","4","0","0","79"
"MAYO","RECTIFICACION DOMICILIO/FOTO/OTROS DNI AMARILLO","58","20","1","0","0","0","0","0","79"
"MAYO","RECTIFICACION PARTIDAS","156","61","17","3","1","9","0","0","247"
"MAYO","RENOVACION CERTIF. DIGITAL/PERSONA NATURAL DNIE","13","0","0","0","1","0","0","0","14"
"MAYO","RENOVACION CERTIFICADOS DIGITALES/PERSONA PÚBLICA","2","0","0","0","0","0","0","0","2"
"MAYO","RENOVACION DNI AMARILLO","157","135","15","5","1","3","1","1","318"
"MAYO","RENOVACION DNI AZUL","630","953","57","12","0","10","2","0","1664"
"MAYO","RENOVACIÓN DNIE","59","18","4","2","13","13","0","14","123"
"MAYO","UBICAR ACTA/DIGITALIZACION/ERROR ACTAS","5","0","0","0","0","1","0","0","6"
"JUNIO","AUTENTICACIONES DE FIRMAS/ACTAS","35","8","4","0","0","2","0","0","49"
"JUNIO","BONO","3","2","0","0","0","0","0","0","5"
"JUNIO","CAIDA AGA (SISTEMA)","68","56","5","1","0","2","2","0","134"
"JUNIO","CAMBIO DE DNI AMA A ZUL","135","118","16","4","0","0","0","1","274"
"JUNIO","CONSULTA ELECCIONES/PADRÓN/MULTAS/DISPENSAS","156","92","29","9","0","2","0","0","288"
"JUNIO","COPIA DE ACTAS","398","158","54","7","0","10","0","6","633"
"JUNIO","DEMORA DE ENTREGA DEL DNI","29","1","4","0","0","0","0","0","34"
"JUNIO","DESBLOQUEO PIN DNIE","4","1","2","0","0","0","0","0","7"
"JUNIO","DEVOLUCION/VALIDEZ DE PAGO","341","124","40","5","0","3","0","0","513"
"JUNIO","DISCAPACIDAD DNI AMARILLO","3","3","0","0","0","0","0","0","6"
"JUNIO","DISCAPACIDAD DNI AZUL","15","10","4","5","0","0","0","1","35"
"JUNIO","DISCAPACIDAD DNIE","0","0","0","0","0","0","0","0","0"
"JUNIO","DUPLICADO DNI AMARILLO","63","51","3","3","0","1","0","0","121"
"JUNIO","DUPLICADO DNI AZUL","254","115","16","3","0","0","0","1","389"
"JUNIO","DUPLICADO DNIE","13","16","2","0","0","1","0","0","32"
"JUNIO","EMISION CERTIFICADO DIGITAL/ENTIDADES PUBLICAS","5","0","0","0","0","1","0","0","6"
"JUNIO","EMISION PRIMERA VEZ DNI AMARILLO","129","77","14","6","0","0","0","1","227"
"JUNIO","EMISION PRIMERA VEZ DNIE","222","284","54","21","3","2","3","0","589"
"JUNIO","ENVIVO FB","0","17","0","0","0","0","0","0","17"
"JUNIO","EXTEMPORANEOS DNI AMARILLO","5","2","2","0","0","0","0","0","9"
"JUNIO","EXTEMPORANEOS DNIE","1","0","0","0","0","0","0","0","1"
"JUNIO","EXTEMPORANEOS/INDOCUMENTADOS DNI AZUL","40","23","9","1","0","3","0","2","78"
"JUNIO","FECHA DE EMISIÓN / DÍGITO VERIFICADOR / OTROS DATOS DEL DNI","255","33","16","0","0","4","1","1","310"
"JUNIO","HABILITACIONES","5","0","1","0","0","0","0","0","6"
"JUNIO","HORARIO /AGENCIAS","2513","526","297","80","3","21","3","3","3446"
"JUNIO","IMPUGNACIONES","4","5","1","1","0","0","0","0","11"
"JUNIO","INCIDENCIA GOR","1","1","0","1","0","0","0","0","3"
"JUNIO","INSCRIPCION /C4-C5- NOMBRES IGUALS / NEG SOLTERIA","174","45","9","1","0","0","0","1","230"
"JUNIO","INSCRIPCION DE CERTIFICADO DE DEFUNCIÓN","5","4","0","0","0","0","0","0","9"
"JUNIO","INSCRIPCION DE NACIMIENTO","154","104","12","6","0","2","1","1","280"
"JUNIO","LIBERACION DE PAGO","1","0","0","0","0","0","0","0","1"
"JUNIO","LIBERACION DE TRÁMITE","0","0","0","0","0","0","0","0","0"
"JUNIO","MESA DE PARTES - INCONVENIENTES/DEMORA","12","0","1","0","0","2","0","0","15"
"JUNIO","MESA DE PARTES - ORIENTACION TRÁMITES","27","37","4","0","0","1","0","0","69"
"JUNIO","OTRAS INCIDENCIAS","66","39","20","8","0","2","2","1","138"
"JUNIO","PAGO NO REFLEJADO EN BASE DE DATOS","33","2","1","0","0","0","0","1","37"
"JUNIO","PASARELA VISA","0","0","0","0","0","0","0","0","0"
"JUNIO","PROBLEMAS - REGISTRO DIGITAL NACIMIENTO","0","0","0","0","0","0","0","0","0"
"JUNIO","PROBLEMAS - RENOVACION DNI WEB","290","16","1","0","0","1","0","1","309"
"JUNIO","PROBLEMAS - SISTEMA OPERATIVO IOS","20","0","0","0","0","1","1","0","22"
"JUNIO","PROBLEMAS DNI BIOFACIAL","78","50","20","5","2","8","0","2","165"
"JUNIO","PROBLEMAS EN USAR LA APLICACIÓN","85","105","24","12","0","2","1","2","231"
"JUNIO","RECOJO DNI","1001","419","93","16","1","33","3","7","1573"
"JUNIO","RECTIFICACION DOMICILIO/ ESTADO CIVIL/OTROS DNI AZUL","464","310","99","24","4","7","1","10","919"
"JUNIO","RECTIFICACION DOMICILIO/ ESTADO CIVIL/OTROS DNIE","39","43","3","2","0","2","0","0","89"
"JUNIO","RECTIFICACION DOMICILIO/FOTO/OTROS DNI AMARILLO","41","39","5","1","0","0","0","0","86"
"JUNIO","RECTIFICACION PARTIDAS","177","119","23","6","0","2","0","0","327"
"JUNIO","RENOVACION CERTIF. DIGITAL/PERSONA NATURAL DNIE","0","1","0","0","0","0","0","0","1"
"JUNIO","RENOVACION CERTIFICADOS DIGITALES/PERSONA PÚBLICA","1","0","0","0","0","0","0","0","1"
"JUNIO","RENOVACION DNI AMARILLO","113","193","38","12","0","0","0","2","358"
"JUNIO","RENOVACION DNI AZUL","486","1098","40","23","0","9","1","0","1657"
"JUNIO","RENOVACIÓN DNIE","28","21","2","1","0","8","0","0","60"
"JUNIO","UBICAR ACTA/DIGITALIZACION/ERROR ACTAS","0","0","0","0","0","0","0","0","0"
"","","","","","","","","","",""
"","","","","","","","","","",""
"","","","","","","","","","",""
"","","","","","","","","","",""
"","","","","","","","","","",""
"","","","","","","","","","",""
"","","","","","","","","","",""
"","","","","","","","","","",""
"","","","","","","","","","",""
"","","","","","","","","","",""
"","","","","","","","","","",""
"","","","","","","","","","",""
"","","","","","","","","","",""
"","","","","","","","","","",""
"","","","","","","","","","",""
"","","","","","","","","","",""
"","","","","","","","","","",""
"","","","","","","","","","",""
"","","","","","","","","","",""
"","","","","","","","","","",""
"","","","","","","","","","",""
"","","","","","","","","","",""
"","","","","","","","","","",""
"","","","","","","","","","",""
"","","","","","","","","","",""
"","","","","","","","","","",""
"","","","","","","","","","",""
"","","","","","","","","","",""
"","","","","","","","","","",""
"","","","","","","","","","",""
"","","","","","","","","","",""
"","","","","","","","","","",""
"","","","","","","","","","",""
"","","","","","","","","","",""
"","","","","","","","","","",""
"","","","","","","","","","",""
"","","","","","","","","","",""
"","","","","","","","","","",""
"","","","","","","","","","",""
"","","","","","","","","","",""
"","","","","","","","","","",""
"","","","","","","","","","",""
"","","","","","","","","","",""
"","","","","","","","","","",""
"","","","","","","","","","",""
"","","","","","","","","","",""
"","","","","","","","","","",""
"","","","","","","","","","",""
"","","","","","","","","","",""
"","","","","","","","","","",""
"","","","","","","","","","",""
"","","","","","","","","","",""
"","","","","","","","","","",""
"","","","","","","","","","",""
"","","","","","","","","","",""
"","","","","","","","","","",""
"","","","","","","","","","",""
"","","","","","","","","","",""
"","","","","","","","","","",""
"","","","","","","","","","",""
"","","","","","","","","","",""
"","","","","","","","","","",""
"","","","","","","","","","",""
"","","","","","","","","","",""
"","","","","","","","","","",""
"","","","","","","","","","",""
"","","","","","","","","","",""
"","","","","","","","","","",""
"","","","","","","","","","",""
"","","","","","","","","","",""
"","","","","","","","","","",""
"","","","","","","","","","",""
"","","","","","","","","","",""
"","","","","","","","","","",""
"","","","","","","","","","",""
"","","","","","","","","","",""
"","","","","","","","","","",""
"","","","","","","","","","",""
"","","","","","","","","","",""
"","","","","","","","","","",""
"","","","","","","","","","",""
"","","","","","","","","","",""
"","","","","","","","","","",""
"","","","","","","","","","",""
"","","","","","","","","","",""
"","","","","","","","","","",""
"","","","","","","","","","",""
"","","","","","","","","","",""
"","","","","","","","","","",""
"","","","","","","","","","",""
"","","","","","","","","","",""
"","","","","","","","","","",""
"","","","","","","","","","",""
"","","","","","","","","","",""
"","","","","","","","","","",""
"","","","","","","","","","",""
"","","","","","","","","","",""
"","","","","","","","","","",""
"","","","","","","","","","",""
"","","","","","","","","","",""
"","","","","","","","","","",""
"","","","","","","","","","",""
"","","","","","","","","","",""
"","","","","","","","","","",""
"","","","","","","","","","",""
"","","","","","","","","","",""
"","","","","","","","","","",""
"","","","","","","","","","",""
"","","","","","","","","","",""
"","","","","","","","","","",""
"","","","","","","","","","",""
"","","","","","","","","","",""
"","","","","","","","","","",""
"","","","","","","","","","",""
"","","","","","","","","","",""
"","","","","","","","","","",""
"","","","","","","","","","",""
"","","","","","","","","","",""
"","","","","","","","","","",""
"","","","","","","","","","",""
"","","","","","","","","","",""
"","","","","","","","","","",""
"","","","","","","","","","",""
"","","","","","","","","","",""
"","","","","","","","","","",""
"","","","","","","","","","",""
"","","","","","","","","","",""
"","","","","","","","","","",""
"","","","","","","","","","",""
"","","","","","","","","","",""
"","","","","","","","","","",""
"","","","","","","","","","",""
"","","","","","","","","","",""
"","","","","","","","","","",""
"","","","","","","","","","",""
"","","","","","","","","","",""
"","","","","","","","","","",""
"","","","","","","","","","",""
"","","","","","","","","","",""
"","","","","","","","","","",""
"","","","","","","","","","",""
"","","","","","","","","","",""
"","","","","","","","","","",""
"","","","","","","","","","",""
"","","","","","","","","","",""
"","","","","","","","","","",""
"","","","","","","","","","",""
"","","","","","","","","","",""
"","","","","","","","","","",""
"","","","","","","","","","",""
"","","","","","","","","","",""
"","","","","","","","","","",""
"","","","","","","","","","",""
"","","","","","","","","","",""
"","","","","","","","","","",""
"","","","","","","","","","",""
"","","","","","","","","","",""
"","","","","","","","","","",""
"","","","","","","","","","",""
"","","","","","","","","","",""
"","","","","","","","","","",""
"","","","","","","","","","",""
"","","","","","","","","","",""
"","","","","","","","","","",""
"","","","","","","","","","",""
"","","","","","","","","","",""
"","","","","","","","","","",""
"","","","","","","","","","",""
"","","","","","","","","","",""
"","","","","","","","","","",""
"","","","","","","","","","",""
"","","","","","","","","","",""
"","","","","","","","","","",""
"","","","","","","","","","",""
"","","","","","","","","","",""
"","","","","","","","","","",""
"","","","","","","","","","",""
"","","","","","","","","","",""
"","","","","","","","","","",""
"","","","","","","","","","",""
"","","","","","","","","","",""
"","","","","","","","","","",""
"","","","","","","","","","",""
"","","","","","","","","","",""
"","","","","","","","","","",""
"","","","","","","","","","",""
"","","","","","","","","","",""
"","","","","","","","","","",""
"","","","","","","","","","",""
"","","","","","","","","","",""
"","","","","","","","","","",""
"","","","","","","","","","",""
"","","","","","","","","","",""
"","","","","","","","","","",""
"","","","","","","","","","",""
"","","","","","","","","","",""
"","","","","","","","","","",""
"","","","","","","","","","",""
"","","","","","","","","","",""
"","","","","","","","","","",""
"","","","","","","","","","",""
"","","","","","","","","","",""
"","","","","","","","","","",""
"","","","","","","","","","",""
"","","","","","","","","","",""
"","","","","","","","","","",""
"","","","","","","","","","",""
"","","","","","","","","","",""
"","","","","","","","","","",""
"","","","","","","","","","",""
"","","","","","","","","","",""
"","","","","","","","","","",""
"","","","","","","","","","",""
"","","","","","","","","","",""
"","","","","","","","","","",""
"","","","","","","","","","",""
"","","","","","","","","","",""
"","","","","","","","","","",""
"","","","","","","","","","",""
"","","","","","","","","","",""
"","","","","","","","","","",""
"","","","","","","","","","",""
"","","","","","","","","","",""
"","","","","","","","","","",""
"","","","","","","","","","",""
"","","","","","","","","","",""
"","","","","","","","","","",""
"","","","","","","","","","",""
"","","","","","","","","","",""
"","","","","","","","","","",""
"","","","","","","","","","",""
"","","","","","","","","","",""
"","","","","","","","","","",""
"","","","","","","","","","",""
"","","","","","","","","","",""
"","","","","","","","","","",""
"","","","","","","","","","",""
"","","","","","","","","","",""
"","","","","","","","","","",""
"","","","","","","","","","",""
"","","","","","","","","","",""
"","","","","","","","","","",""
"","","","","","","","","","",""
"","","","","","","","","","",""
"","","","","","","","","","",""
"","","","","","","","","","",""
"","","","","","","","","","",""
"","","","","","","","","","",""
"","","","","","","","","","",""
"","","","","","","","","","",""
"","","","","","","","","","",""
"","","","","","","","","","",""
"","","","","","","","","","",""
"","","","","","","","","","",""
"","","","","","","","","","",""
"","","","","","","","","","",""
"","","","","","","","","","",""
"","","","","","","","","","",""
"","","","","","","","","","",""
"","","","","","","","","","",""
"","","","","","","","","","",""
"","","","","","","","","","",""
"","","","","","","","","","",""
"","","","","","","","","","",""
"","","","","","","","","","",""
"","","","","","","","","","",""
"","","","","","","","","","",""
"","","","","","","","","","",""
"","","","","","","","","","",""
"","","","","","","","","","",""
"","","","","","","","","","",""
"","","","","","","","","","",""
"","","","","","","","","","",""
"","","","","","","","","","",""
"","","","","","","","","","",""
"","","","","","","","","","",""
"","","","","","","","","","",""
"","","","","","","","","","",""
"","","","","","","","","","",""
"","","","","","","","","","",""
"","","","","","","","","","",""
"","","","","","","","","","",""
"","","","","","","","","","",""
"","","","","","","","","","",""
"","","","","","","","","","",""
"","","","","","","","","","",""
"","","","","","","","","","",""
"","","","","","","","","","",""
"","","","","","","","","","",""
"","","","","","","","","","",""
"","","","","","","","","","",""
"","","","","","","","","","",""
"","","","","","","","","","",""
"","","","","","","","","","",""
"","","","","","","","","","",""
"","","","","","","","","","",""
"","","","","","","","","","",""
"","","","","","","","","","",""
"","","","","","","","","","",""
"","","","","","","","","","",""
"","","","","","","","","","",""
"","","","","","","","","","",""
"","","","","","","","","","",""
"","","","","","","","","","",""
"","","","","","","","","","",""
"","","","","","","","","","",""
"","","","","","","","","","",""
"","","","","","","","","","",""
"","","","","","","","","","",""
"","","","","","","","","","",""
"","","","","","","","","","",""
"","","","","","","","","","",""
"","","","","","","","","","",""
"","","","","","","","","","",""
"","","","","","","","","","",""
"","","","","","","","","","",""
"","","","","","","","","","",""
"","","","","","","","","","",""
"","","","","","","","","","",""
"","","","","","","","","","",""
"","","","","","","","","","",""
"","","","","","","","","","",""
"","","","","","","","","","",""
"","","","","","","","","","",""
"","","","","","","","","","",""
"","","","","","","","","","",""
"","","","","","","","","","",""
"","","","","","","","","","",""
"","","","","","","","","","",""
"","","","","","","","","","",""
"","","","","","","","","","",""
"","","","","","","","","","",""
"","","","","","","","","","",""
"","","","","","","","","","",""
"","","","","","","","","","",""
"","","","","","","","","","",""
"","","","","","","","","","",""
"","","","","","","","","","",""
"","","","","","","","","","",""
"","","","","","","","","","",""
"","","","","","","","","","",""
"","","","","","","","","","",""
"","","","","","","","","","",""
"","","","","","","","","","",""
"","","","","","","","","","",""
"","","","","","","","","","",""
"","","","","","","","","","",""
"","","","","","","","","","",""
"","","","","","","","","","",""
"","","","","","","","","","",""
"","","","","","","","","","",""
"","","","","","","","","","",""
"","","","","","","","","","",""
"","","","","","","","","","",""
"","","","","","","","","","",""
"","","","","","","","","","",""
"","","","","","","","","","",""
"","","","","","","","","","",""
"","","","","","","","","","",""
"","","","","","","","","","",""
"","","","","","","","","","",""
"","","","","","","","","","",""
"","","","","","","","","","",""
"","","","","","","","","","",""
"","","","","","","","","","",""
"","","","","","","","","","",""
"","","","","","","","","","",""
"","","","","","","","","","",""
"","","","","","","","","","",""
"","","","","","","","","","",""
"","","","","","","","","","",""
"","","","","","","","","","",""
"","","","","","","","","","",""
"","","","","","","","","","",""
"","","","","","","","","","",""
"","","","","","","","","","",""
"","","","","","","","","","",""
"","","","","","","","","","",""
"","","","","","","","","","",""
"","","","","","","","","","",""
"","","","","","","","","","",""
"","","","","","","","","","",""
"","","","","","","","","","",""
"","","","","","","","","","",""
"","","","","","","","","","",""
"","","","","","","","","","",""
"","","","","","","","","","",""
"","","","","","","","","","",""
"","","","","","","","","","",""
"","","","","","","","","","",""
"","","","","","","","","","",""
"","","","","","","","","","",""
"","","","","","","","","","",""
"","","","","","","","","","",""
"","","","","","","","","","",""
"","","","","","","","","","",""
"","","","","","","","","","",""
"","","","","","","","","","",""
"","","","","","","","","","",""
"","","","","","","","","","",""
"","","","","","","","","","",""
"","","","","","","","","","",""
"","","","","","","","","","",""
"","","","","","","","","","",""
"","","","","","","","","","",""
"","","","","","","","","","",""
"","","","","","","","","","",""
"","","","","","","","","","",""
"","","","","","","","","","",""
"","","","","","","","","","",""
"","","","","","","","","","",""
"","","","","","","","","","",""
"","","","","","","","","","",""
"","","","","","","","","","",""
"","","","","","","","","","",""
"","","","","","","","","","",""
"","","","","","","","","","",""
"","","","","","","","","","",""
"","","","","","","","","","",""
"","","","","","","","","","",""
"","","","","","","","","","",""
"","","","","","","","","","",""
"","","","","","","","","","",""
"","","","","","","","","","",""
"","","","","","","","","","",""
"","","","","","","","","","",""
"","","","","","","","","","",""
"","","","","","","","","","",""
"","","","","","","","","","",""
"","","","","","","","","","",""
"","","","","","","","","","",""
"","","","","","","","","","",""
"","","","","","","","","","",""
"","","","","","","","","","",""
"","","","","","","","","","",""
"","","","","","","","","","",""
"","","","","","","","","","",""
"","","","","","","","","","",""
"","","","","","","","","","",""
"","","","","","","","","","",""
"","","","","","","","","","",""
"","","","","","","","","","",""
"","","","","","","","","","",""
"","","","","","","","","","",""
"","","","","","","","","","",""
"","","","","","","","","","",""
"","","","","","","","","","",""
"","","","","","","","","","",""
"","","","","","","","","","",""
"","","","","","","","","","",""
"","","","","","","","","","",""
"","","","","","","","","","",""
"","","","","","","","","","",""
"","","","","","","","","","",""
"","","","","","","","","","",""
"","","","","","","","","","",""
"","","","","","","","","","",""
"","","","","","","","","","",""
"","","","","","","","","","",""
"","","","","","","","","","",""
"","","","","","","","","","",""
"","","","","","","","","","",""
"","","","","","","","","","",""
"","","","","","","","","","",""
"","","","","","","","","","",""
"","","","","","","","","","",""
"","","","","","","","","","",""
"","","","","","","","","","",""
"","","","","","","","","","",""
"","","","","","","","","","",""
"","","","","","","","","","",""
"","","","","","","","","","",""
"","","","","","","","","","",""
"","","","","","","","","","",""
"","","","","","","","","","",""
"","","","","","","","","","",""
"","","","","","","","","","",""
"","","","","","","","","","",""
"","","","","","","","","","",""
"","","","","","","","","","",""
"","","","","","","","","","",""
"","","","","","","","","","",""
"","","","","","","","","","",""
"","","","","","","","","","",""
"","","","","","","","","","",""
"","","","","","","","","","",""
"","","","","","","","","","",""
"","","","","","","","","","",""
"","","","","","","","","","",""
"","","","","","","","","","",""
"","","","","","","","","","",""
"","","","","","","","","","",""
"","","","","","","","","","",""
"","","","","","","","","","",""
"","","","","","","","","","",""
"","","","","","","","","","",""
"","","","","","","","","","",""
"","","","","","","","","","",""
"","","","","","","","","","",""
"","","","","","","","","","",""
"","","","","","","","","","",""
"","","","","","","","","","",""
"","","","","","","","","","",""
"","","","","","","","","","",""
"","","","","","","","","","",""
"","","","","","","","","","",""
"","","","","","","","","","",""
"","","","","","","","","","",""
"","","","","","","","","","",""
"","","","","","","","","","",""
"","","","","","","","","","",""
"","","","","","","","","","",""
"","","","","","","","","","",""
"","","","","","","","","","",""
"","","","","","","","","","",""
"","","","","","","","","","",""
"","","","","","","","","","",""
"","","","","","","","","","",""
"","","","","","","","","","",""
"","","","","","","","","","",""
"","","","","","","","","","",""
"","","","","","","","","","",""
"","","","","","","","","","",""
"","","","","","","","","","",""
"","","","","","","","","","",""
"","","","","","","","","","",""
"","","","","","","","","","",""
"","","","","","","","","","",""
"","","","","","","","","","",""
"","","","","","","","","","",""
"","","","","","","","","","",""
"","","","","","","","","","",""
"","","","","","","","","","",""
"","","","","","","","","","",""
"","","","","","","","","","",""
"","","","","","","","","","",""
"","","","","","","","","","",""
"","","","","","","","","","",""
"","","","","","","","","","",""
"","","","","","","","","","",""
"","","","","","","","","","",""
"","","","","","","","","","",""
"","","","","","","","","","",""
"","","","","","","","","","",""
"","","","","","","","","","",""
"","","","","","","","","","",""
"","","","","","","","","","",""
"","","","","","","","","","",""
"","","","","","","","","","",""
"","","","","","","","","","",""
"","","","","","","","","","",""
"","","","","","","","","","",""
"","","","","","","","","","",""
"","","","","","","","","","",""
"","","","","","","","","","",""
"","","","","","","","","","",""
"","","","","","","","","","",""
"","","","","","","","","","",""
"","","","","","","","","","",""
"","","","","","","","","","",""
"","","","","","","","","","",""
"","","","","","","","","","",""
"","","","","","","","","","",""
"","","","","","","","","","",""
"","","","","","","","","","",""
"","","","","","","","","","",""
"","","","","","","","","","",""
"","","","","","","","","","",""
"","","","","","","","","","",""
"","","","","","","","","","",""
"","","","","","","","","","",""
"","","","","","","","","","",""
"","","","","","","","","","",""
"","","","","","","","","","",""
"","","","","","","","","","",""
"","","","","","","","","","",""
"","","","","","","","","","",""
"","","","","","","","","","",""
"","","","","","","","","","",""
"","","","","","","","","","",""
"","","","","","","","","","",""
"","","","","","","","","","",""
"","","","","","","","","","",""
"","","","","","","","","","",""
"","","","","","","","","","",""
"","","","","","","","","","",""
"","","","","","","","","","",""
"","","","","","","","","","",""
"","","","","","","","","","",""
"","","","","","","","","","",""
"","","","","","","","","","",""
"","","","","","","","","","",""
"","","","","","","","","","",""
"","","","","","","","","","",""
"","","","","","","","","","",""
"","","","","","","","","","",""
"","","","","","","","","","",""
"","","","","","","","","","",""
"","","","","","","","","","",""
"","","","","","","","","","",""
"","","","","","","","","","",""
"","","","","","","","","","",""
"","","","","","","","","","",""
"","","","","","","","","","",""
"","","","","","","","","","",""
"","","","","","","","","","",""
"","","","","","","","","","",""
"","","","","","","","","","",""
"","","","","","","","","","",""
"","","","","","","","","","",""
"","","","","","","","","","",""
"","","","","","","","","","",""
"","","","","","","","","","",""
"","","","","","","","","","",""
"","","","","","","","","","",""
"","","","","","","","","","",""
"","","","","","","","","","",""
"","","","","","","","","","",""
"","","","","","","","","","",""
"","","","","","","","","","",""
"","","","","","","","","","",""
"","","","","","","","","","",""
"","","","","","","","","","",""
"","","","","","","","","","",""
"","","","","","","","","","",""
"","","","","","","","","","",""
"","","","","","","","","","",""
"","","","","","","","","","",""
"","","","","","","","","","",""
"","","","","","","","","","",""
"","","","","","","","","","",""
"","","","","","","","","","",""
"","","","","","","","","","",""
"","","","","","","","","","",""
"","","","","","","","","","",""
"","","","","","","","","","",""
"","","","","","","","","","",""
"","","","","","","","","","",""
"","","","","","","","","","",""
"","","","","","","","","","",""
"","","","","","","","","","",""
"","","","","","","","","","",""
"","","","","","","","","","",""
"","","","","","","","","","",""
"","","","","","","","","","",""
"","","","","","","","","","",""
"","","","","","","","","","",""
"","","","","","","","","","",""
"","","","","","","","","","",""
"","","","","","","","","","",""
"","","","","","","","","","",""
"","","","","","","","","","",""
"","","","","","","","","","",""
"","","","","","","","","","",""
"","","","","","","","","","",""
"","","","","","","","","","",""
"","","","","","","","","","",""
"","","","","","","","","","",""
"","","","","","","","","","",""
"","","","","","","","","","",""
"","","","","","","","","","",""
"","","","","","","","","","",""
"","","","","","","","","","",""
"","","","","","","","","","",""
"","","","","","","","","","",""
"","","","","","","","","","",""
"","","","","","","","","","",""
"","","","","","","","","","",""
"","","","","","","","","","",""
"","","","","","","","","","",""
"","","","","","","","","","",""
"","","","","","","","","","",""
"","","","","","","","","","",""
"","","","","","","","","","",""
"","","","","","","","","","",""
"","","","","","","","","","",""
